{
    "color": {
        "background": {
            "generic":{ 
                "default": ""
            },
            "generic1": {
                "default": {
                    "base": "",
                    "focus": "",
                    "disabled": ""
                }
            },
            "alert": {
                "default": {
                    "base": "",
                    "disabled": ""
                },
                "destructive": {
                    "base": "",
                    "disabled": ""
                },
                "custom": {
                    "base": "",
                    "disabled": ""
                }
            },
            "checkbox": {
                "default": {
                    "active": "",
                    "inactive": ""
                }
            }          
        },
        "text": {
            "generic":{ 
                "default": ""
            },
            "generic1": {
                "default": {
                    "base": "",
                    "focus": "",
                    "disabled": ""
                }
            },
            "alert": {
                "default": {
                    "base": "",
                    "disabled": ""
                },
                "destructive": {
                    "base": "",
                    "disabled": ""
                },
                "custom": {
                    "base": "",
                    "disabled": ""
                }
            },
            "checkbox": {
                "default": {
                    "active": "",
                    "inactive": ""
                }
            }
        },
        "border": {
            "generic":{ 
                "default": ""
            },
            "generic1": {
                "default": {
                    "base": "",
                    "focus": "",
                    "disabled": ""
                }
            },
            "alert": {
                "default": {
                    "base": "",
                    "disabled": ""
                },
                "destructive": {
                    "base": "",
                    "disabled": ""
                },
                "custom": {
                    "base": "",
                    "disabled": ""
                }
            }
        }
    },
    "shadow": {
        "generic": {
            "color": "",
            "opacity": "",
            "radius": "",
            "offsetX": "",
            "offsetY": ""
        }
    },
    "font": {
        "generic": {
            "family": "",
            "size": ""
        }
    },
    "height": {
        "generic": {
            "default": ""
        },
        "generic1": {
            "small": "",
            "medium": "",
            "large": "",
            "custom": ""
        }
    },    
    "opacity": {
        "generic": {
            "default": "",
            "secondary": "",
            "custom": ""
        }
    },
    "radius": {
        "generic": {
            "default": "",
            "secondary": "",
            "custom": ""
        }
    },
    "size": {
        "text": {
            "header": {
                "h1": {
                    "value": ""
                },
                "h2": {
                    "value": ""
                },
                "h3": {
                    "value": ""
                },
                "h4": {
                    "value": ""
                },
                "h5": {
                    "value": ""
                }
            },
            "paragraph": {
                "p1":{
                    "value": ""
                },
                "p2":{
                    "value": ""
                }
            },
            "label": {
                "default": "",
                "secondary": "",
                "custom": ""
            },
            "hint": {
                "default": "",
                "secondary": ""
            }
        }
    },
    "spacing": {
        "generic": {
            "default": "",
            "secondary": "",
            "custom": ""
        }
    },
    "timing": {
        "generic": {
            "default": "",
            "high": "",
            "low": "",
            "custom": ""
        }
    }    
}