{
    "colorBackgroundWhite": {
      "value": "#FFFFFF",
      "hexValue": "#FFFFFF",
      "rgbValue": "rgba(255,255,255,1)",
      "description": "white color"
    },
    "colorBackgroundSilver": {
      "value": "#C0C0C0",
      "hexValue": "#C0C0C0",
      "rgbValue": "rgba(192,192,192,1)",
      "description": "Silver color"
    },
    "colorBackgroundGray": {
      "value": "#808080",
      "hexValue": "#808080",
      "rgbValue": "rgba(128,128,128,1)",
      "description": "Gray color"
    },
    "colorBackgroundBlack": {
      "value": "#000000",
      "hexValue": "#000000",
      "rgbValue": "rgba(0,0,0,1)",
      "description": "Black color"
    },
    "colorBackgroundRed": {
      "value": "#FF0000",
      "hexValue": "#FF0000",
      "rgbValue": "rgba(255,0,0,1)",
      "description": "Red color"
    },
    "colorBackgroundMaroon": {
      "value": "#800000",
      "hexValue": "#800000",
      "rgbValue": "rgba(128,0,0,1)",
      "description": "Maroon color"
    },
    "colorBackgroundYellow": {
      "value": "#FFFF00",
      "hexValue": "#FFFF00",
      "rgbValue": "rgba(255,255,0,1)",
      "description": "Yellow color"
    },
    "colorBackgroundOlive": {
      "value": "#808000",
      "hexValue": "#808000",
      "rgbValue": "rgba(128,128,0,1)",
      "description": "Olive color"
    },
    "colorBackgroundLime": {
      "value": "#00FF00",
      "hexValue": "#00FF00",
      "rgbValue": "rgba(0,255,0,1)",
      "description": "Lime color"
    },
    "colorBackgroundGreen": {
      "value": "#008000",
      "hexValue": "#008000",
      "rgbValue": "rgba(0,128,0,1)",
      "description": "Green color"
    },
    "colorBackgroundAqua": {
      "value": "#00FFFF",
      "hexValue": "#00FFFF",
      "rgbValue": "rgba(0,255,255,1)",
      "description": "Aqua color"
    },
    "colorBackgroundTeal": {
      "value": "#008080",
      "hexValue": "#008080",
      "rgbValue": "rgba(0,128,128,1)",
      "description": "Teal color"
    },
    "colorBackgroundBlue": {
      "value": "#0000FF",
      "hexValue": "#0000FF",
      "rgbValue": "rgba(0,0,255,1)",
      "description": "Blue color"
    },
    "colorBackgroundNavy": {
      "value": "#000080",
      "hexValue": "#000080",
      "rgbValue": "rgba(0,0,128,1)",
      "description": "Navy color"
    },
    "colorBackgroundFuchsia": {
      "value": "#FF00FF",
      "hexValue": "#FF00FF",
      "rgbValue": "rgba(255,0,255,1)",
      "description": "Fuchsia color"
    },
    "colorBackgroundPurple": {
      "value": "#800080",
      "hexValue": "#800080",
      "rgbValue": "rgba(128,0,128,1)",
      "description": "Purple color"
    },
    "colorBorderPrimary": {
      "value": "#DDDBDA",
      "hexValue": "#DDDBDA",
      "rgbValue": "rgba(221,219,218,1)",
      "description": "PALETTE_GRAY_5"
    },
    "colorBorderCard": {
      "value": "#DDDBDA",
      "hexValue": "#DDDBDA",
      "rgbValue": "rgba(221,219,218,1)",
      "description": "PALETTE_GRAY_5"
    },
    "colorBorderBrand": {
      "value": "#1589EE",
      "hexValue": "#1589EE",
      "rgbValue": "rgba(21,137,238,1)",
      "description": "Brand primary"
    },
    "colorBorderBrandDark": {
      "value": "#0070D2",
      "hexValue": "#0070D2",
      "rgbValue": "rgba(0,112,210,1)",
      "description": "Brand dark"
    },
    "colorBorderButtonDefault": {
      "value": "#DDDBDA",
      "hexValue": "#DDDBDA",
      "rgbValue": "rgba(221,219,218,1)",
      "description": "Button default border"
    },
    "colorBorderCustom": {
      "value": "#FF9A3C",
      "hexValue": "#FF9A3C",
      "rgbValue": "rgba(255,154,60,1)",
      "description": "custom color"
    },
    "colorBorderDestructive": {
      "value": "#C23934",
      "hexValue": "#C23934",
      "rgbValue": "rgba(194,57,52,1)",
      "description": "Destructive"
    },
    "colorBorderError": {
      "value": "#C23934",
      "hexValue": "#C23934",
      "rgbValue": "rgba(194,57,52,1)",
      "description": "Error "
    },
    "colorBorderInfo": {
      "value": "#706E6B",
      "hexValue": "#706E6B",
      "rgbValue": "rgba(112,110,107,1)",
      "description": "Info"
    },
    "colorBorderRowSelected": {
      "value": "#0070D2",
      "hexValue": "#0070D2",
      "rgbValue": "rgba(0,112,210,1)",
      "description": "Selected Row"
    },
    "colorBorderSelection": {
      "value": "#0070D2",
      "hexValue": "#0070D2",
      "rgbValue": "rgba(0,112,210,1)",
      "description": "Selection"
    },
    "colorBorderSeparator": {
      "value": "#FAFAF9",
      "hexValue": "#FAFAF9",
      "rgbValue": "rgba(250,250,249,1)",
      "description": "Separator"
    },
    "colorTextBrand": {
      "value": "#1589EE",
      "hexValue": "#1589EE",
      "rgbValue": "rgba(21,137,238,1)",
      "description": "Brand text"
    },
    "colorTextBrandPrimary": {
      "value": "#FFFFFF",
      "hexValue": "#FFFFFF",
      "rgbValue": "rgba(255,255,255,1)",
      "description": "Brand primary"
    },
    "colorTextCustomer": {
      "value": "#FF9A3C",
      "hexValue": "#FF9A3C",
      "rgbValue": "rgba(255,154,60,1)",
      "description": "Customer color"
    },
    "colorTextDefault": {
      "value": "#080707",
      "hexValue": "#080707",
      "rgbValue": "rgba(8,7,7,1)",
      "description": "Default"
    },
    "colorTextError": {
      "value": "#C23934",
      "hexValue": "#C23934",
      "rgbValue": "rgba(194,57,52,1)",
      "description": "Error"
    },
    "colorTextLabel": {
      "value": "#3E3E3C",
      "hexValue": "#3E3E3C",
      "rgbValue": "rgba(62,62,60,1)",
      "description": "Label"
    },
    "elevationCard": {
      "value": "10",
      "description": "Card view elevatio"
    },
    "elevationActive": {
      "value": "2",
      "description": "Active"
    },
    "fontArial": {
      "value": "Arial",
      "description": "Arial"
    },
    "fontCourier": {
      "value": "courier",
      "description": "Courier"
    },
    "heightHeading": {
      "value": "1.5",
      "description": "Heading"
    },
    "heightText": {
      "value": "1",
      "description": "1"
    },
    "heightLineText": {
      "value": "2",
      "description": "2"
    },
    "opacityVeryLow": {
      "value": 0.1,
      "description": "Very low"
    },
    "opacityLow": {
      "value": 0.2,
      "description": "Low"
    },
    "opacityMedium": {
      "value": 0.5,
      "description": "Medium"
    },
    "opacityHigh": {
      "value": 0.7,
      "description": "High"
    },
    "opacityNone": {
      "value": 0,
      "description": "none"
    },
    "radiusCircle": {
      "value": "50%",
      "description": "circle radius"
    },
    "radiusLarge": {
      "value": "8",
      "description": "Large"
    },
    "radiusMedium": {
      "value": "4",
      "description": "Medium"
    },
    "radiusSmall": {
      "value": "2",
      "description": "small"
    },
    "spaceLarge": {
      "value": "24",
      "description": "Constant spacing token for size Large"
    },
    "spaceMedium": {
      "value": "16",
      "description": "Constant spacing token for size Medium"
    },
    "spaceNone": {
      "value": "0",
      "description": "Constant spacing token for 0"
    },
    "spaceSmall": {
      "value": "12",
      "description": "Constant spacing token for size Small"
    },
    "spaceTableCell": {
      "value": "4",
      "description": "Table cell spacing"
    },
    "miscDurationImmediately": {
      "value": "0.05",
      "description": "immediately"
    },
    "miscDurationInstantly": {
      "value": "0",
      "description": "Instantly"
    },
    "miscDurationPromptly": {
      "value": "0.2",
      "description": "Promptly"
    },
    "sizeLarge": {
      "value": "50",
      "description": "Large"
    },
    "sizeMedium": {
      "value": "25",
      "description": "Generic sizing token scale for UI components."
    },
    "sizeSmall": {
      "value": "20",
      "description": "Generic sizing token scale for UI components."
    },
    "sizeText1": {
      "value": "20",
      "description": "Generic sizing token scale for UI components."
    },
    "sizeLabel1": {
      "value": "25",
      "description": "Generic sizing token scale for UI components."
    },
    "sizeHint": {
      "value": "20",
      "description": "Generic sizing token scale for UI components."
    }
  }